[
  {
    "name": "Acre",
    "qid": "Q40780"
  },
  {
    "name": "Adygea",
    "qid": "Q3734"
  },
  {
    "name": "Aguascalientes",
    "qid": "Q79952"
  },
  {
    "name": "Aichi Prefecture",
    "qid": "Q80434"
  },
  {
    "name": "Aikawa Prefecture",
    "qid": "Q11582007"
  },
  {
    "name": "Ajmer State",
    "qid": "Q16158529"
  },
  {
    "name": "Akita Prefecture",
    "qid": "Q81863"
  },
  {
    "name": "Alabama",
    "qid": "Q173"
  },
  {
    "name": "Alagoas",
    "qid": "Q40885"
  },
  {
    "name": "Alaska",
    "qid": "Q797"
  },
  {
    "name": "Alberta",
    "qid": "Q1951"
  },
  {
    "name": "Altai Krai",
    "qid": "Q5942"
  },
  {
    "name": "Altai Republic",
    "qid": "Q5971"
  },
  {
    "name": "Amagasaki Prefecture",
    "qid": "Q130057358"
  },
  {
    "name": "Amakusa Prefecture",
    "qid": "Q11443550"
  },
  {
    "name": "Amapá",
    "qid": "Q40130"
  },
  {
    "name": "Amazonas",
    "qid": "Q40040"
  },
  {
    "name": "Amur Oblast",
    "qid": "Q6886"
  },
  {
    "name": "Andaman and Nicobar Islands",
    "qid": "Q40888"
  },
  {
    "name": "Andhra Pradesh",
    "qid": "Q1159"
  },
  {
    "name": "Andhra Pradesh (1956–2014)",
    "qid": "Q67906082"
  },
  {
    "name": "Andhra State",
    "qid": "Q4066154"
  },
  {
    "name": "Anhui",
    "qid": "Q40956"
  },
  {
    "name": "Aomori Prefecture",
    "qid": "Q71699"
  },
  {
    "name": "Arizona",
    "qid": "Q816"
  },
  {
    "name": "Arkansas",
    "qid": "Q1612"
  },
  {
    "name": "Arkhangelsk Oblast",
    "qid": "Q1875"
  },
  {
    "name": "Arunachal Pradesh",
    "qid": "Q1162"
  },
  {
    "name": "Ashigara Prefecture",
    "qid": "Q11636907"
  },
  {
    "name": "Assam",
    "qid": "Q1164"
  },
  {
    "name": "Astrakhan Oblast",
    "qid": "Q3941"
  },
  {
    "name": "Asuwa Prefecture",
    "qid": "Q11637047"
  },
  {
    "name": "Bahia",
    "qid": "Q40430"
  },
  {
    "name": "Baja California",
    "qid": "Q58731"
  },
  {
    "name": "Baja California Sur",
    "qid": "Q46508"
  },
  {
    "name": "Bali",
    "qid": "Q3125978"
  },
  {
    "name": "Bangka Belitung Islands",
    "qid": "Q1866"
  },
  {
    "name": "Banten",
    "qid": "Q3540"
  },
  {
    "name": "Bashkortostan",
    "qid": "Q5710"
  },
  {
    "name": "Belgorod Oblast",
    "qid": "Q3329"
  },
  {
    "name": "Bengkulu",
    "qid": "Q1890"
  },
  {
    "name": "Bhopal State (1949–1956)",
    "qid": "Q4100821"
  },
  {
    "name": "Bihar",
    "qid": "Q1165"
  },
  {
    "name": "Bilaspur State",
    "qid": "Q4086661"
  },
  {
    "name": "Bombay State",
    "qid": "Q2627082"
  },
  {
    "name": "British Columbia",
    "qid": "Q1973"
  },
  {
    "name": "Bryansk Oblast",
    "qid": "Q2810"
  },
  {
    "name": "Buenos Aires Province",
    "qid": "Q44754"
  },
  {
    "name": "Buryatia",
    "qid": "Q6809"
  },
  {
    "name": "California",
    "qid": "Q99"
  },
  {
    "name": "Campeche",
    "qid": "Q80908"
  },
  {
    "name": "Cape Province",
    "qid": "Q849164"
  },
  {
    "name": "Catamarca Province",
    "qid": "Q44756"
  },
  {
    "name": "Ceará",
    "qid": "Q40123"
  },
  {
    "name": "Central Java",
    "qid": "Q3557"
  },
  {
    "name": "Central Kalimantan",
    "qid": "Q3891"
  },
  {
    "name": "Central Papua",
    "qid": "Q12486766"
  },
  {
    "name": "Central Sulawesi",
    "qid": "Q5065"
  },
  {
    "name": "Chaco Province",
    "qid": "Q44757"
  },
  {
    "name": "Chandigarh",
    "qid": "Q120971341"
  },
  {
    "name": "Chechnya",
    "qid": "Q5187"
  },
  {
    "name": "Chelyabinsk Oblast",
    "qid": "Q5714"
  },
  {
    "name": "Cherkasy Oblast",
    "qid": "Q161808"
  },
  {
    "name": "Chernihiv Oblast",
    "qid": "Q167874"
  },
  {
    "name": "Chernivtsi Oblast",
    "qid": "Q168856"
  },
  {
    "name": "Chhattisgarh",
    "qid": "Q1168"
  },
  {
    "name": "Chiapas",
    "qid": "Q60123"
  },
  {
    "name": "Chiba Prefecture",
    "qid": "Q80011"
  },
  {
    "name": "Chihuahua",
    "qid": "Q655"
  },
  {
    "name": "Chikuma Prefecture",
    "qid": "Q11602831"
  },
  {
    "name": "Chubut Province",
    "qid": "Q45007"
  },
  {
    "name": "Chukotka Autonomous Okrug",
    "qid": "Q7984"
  },
  {
    "name": "Chuvashia",
    "qid": "Q5466"
  },
  {
    "name": "Coahuila",
    "qid": "Q53079"
  },
  {
    "name": "Coahuila y Tejas",
    "qid": "Q949898"
  },
  {
    "name": "Colima",
    "qid": "Q61309"
  },
  {
    "name": "Colorado",
    "qid": "Q1261"
  },
  {
    "name": "Connecticut",
    "qid": "Q779"
  },
  {
    "name": "Coorg State",
    "qid": "Q4247962"
  },
  {
    "name": "Corrientes Province",
    "qid": "Q44758"
  },
  {
    "name": "Córdoba Province",
    "qid": "Q44759"
  },
  {
    "name": "Dadra and Nagar Haveli and Daman and Diu",
    "qid": "Q77997266"
  },
  {
    "name": "Dagestan",
    "qid": "Q5118"
  },
  {
    "name": "Delaware",
    "qid": "Q1393"
  },
  {
    "name": "Dnipropetrovsk Oblast",
    "qid": "Q170672"
  },
  {
    "name": "Donetsk Oblast",
    "qid": "Q2012050"
  },
  {
    "name": "Donetsk People's Republic",
    "qid": "Q16150196"
  },
  {
    "name": "Durango",
    "qid": "Q79918"
  },
  {
    "name": "East Java",
    "qid": "Q3586"
  },
  {
    "name": "East Kalimantan",
    "qid": "Q3899"
  },
  {
    "name": "East Nusa Tenggara",
    "qid": "Q5061"
  },
  {
    "name": "East Punjab",
    "qid": "Q2354639"
  },
  {
    "name": "Eastern Cape",
    "qid": "Q130840"
  },
  {
    "name": "Echigo Prefecture",
    "qid": "Q11636512"
  },
  {
    "name": "Ehime Prefecture",
    "qid": "Q123376"
  },
  {
    "name": "Entre Ríos Province",
    "qid": "Q44762"
  },
  {
    "name": "Esashi Prefecture",
    "qid": "Q8168443"
  },
  {
    "name": "Espírito Santo",
    "qid": "Q43233"
  },
  {
    "name": "Estado de Occidente",
    "qid": "Q2389503"
  },
  {
    "name": "Federal District",
    "qid": "Q119158"
  },
  {
    "name": "Florida",
    "qid": "Q812"
  },
  {
    "name": "Formosa Province",
    "qid": "Q44761"
  },
  {
    "name": "Free State",
    "qid": "Q160284"
  },
  {
    "name": "Fuchū Prefecture",
    "qid": "Q11486059"
  },
  {
    "name": "Fujian",
    "qid": "Q41705"
  },
  {
    "name": "Fukui Prefecture",
    "qid": "Q133879"
  },
  {
    "name": "Fukuoka Prefecture",
    "qid": "Q123258"
  },
  {
    "name": "Fukushima Prefecture",
    "qid": "Q71707"
  },
  {
    "name": "Gansu",
    "qid": "Q42392"
  },
  {
    "name": "Gauteng",
    "qid": "Q133083"
  },
  {
    "name": "Georgia",
    "qid": "Q1428"
  },
  {
    "name": "Gifu Prefecture",
    "qid": "Q131277"
  },
  {
    "name": "Goa",
    "qid": "Q1171"
  },
  {
    "name": "Goa, Daman and Diu",
    "qid": "Q2918348"
  },
  {
    "name": "Goiás",
    "qid": "Q41587"
  },
  {
    "name": "Gojō Prefecture",
    "qid": "Q11372515"
  },
  {
    "name": "Gorontalo",
    "qid": "Q5067"
  },
  {
    "name": "Greenland",
    "qid": "Q223"
  },
  {
    "name": "Guanajuato",
    "qid": "Q46475"
  },
  {
    "name": "Guangdong",
    "qid": "Q15175"
  },
  {
    "name": "Guangxi",
    "qid": "Q15176"
  },
  {
    "name": "Guerrero",
    "qid": "Q60158"
  },
  {
    "name": "Guizhou",
    "qid": "Q47097"
  },
  {
    "name": "Gujarat",
    "qid": "Q1061"
  },
  {
    "name": "Gunma Prefecture",
    "qid": "Q129499"
  },
  {
    "name": "Hainan",
    "qid": "Q42200"
  },
  {
    "name": "Hakodate Prefecture",
    "qid": "Q24841612"
  },
  {
    "name": "Hamada Prefecture",
    "qid": "Q11557991"
  },
  {
    "name": "Hamamatsu Prefecture",
    "qid": "Q11557878"
  },
  {
    "name": "Haryana",
    "qid": "Q1174"
  },
  {
    "name": "Hawaii",
    "qid": "Q782"
  },
  {
    "name": "Hebei",
    "qid": "Q21208"
  },
  {
    "name": "Heilongjiang",
    "qid": "Q19206"
  },
  {
    "name": "Henan",
    "qid": "Q43684"
  },
  {
    "name": "Hidalgo",
    "qid": "Q80903"
  },
  {
    "name": "Highland Papua",
    "qid": "Q112810104"
  },
  {
    "name": "Himachal Pradesh",
    "qid": "Q1177"
  },
  {
    "name": "Hiroshima Prefecture",
    "qid": "Q617375"
  },
  {
    "name": "Hita Prefecture",
    "qid": "Q11509922"
  },
  {
    "name": "Hokkaido",
    "qid": "Q1037393"
  },
  {
    "name": "Honbo Prefecture",
    "qid": "Q67552128"
  },
  {
    "name": "Hubei",
    "qid": "Q46862"
  },
  {
    "name": "Hunan",
    "qid": "Q45761"
  },
  {
    "name": "Hyderabad State (1948-1956)",
    "qid": "Q4494730"
  },
  {
    "name": "Hyōgo Prefecture",
    "qid": "Q130290"
  },
  {
    "name": "Ibaraki Prefecture",
    "qid": "Q83273"
  },
  {
    "name": "Ichikawa Prefecture",
    "qid": "Q11480390"
  },
  {
    "name": "Idaho",
    "qid": "Q1221"
  },
  {
    "name": "Ikuno Prefecture",
    "qid": "Q11574881"
  },
  {
    "name": "Illinois",
    "qid": "Q1204"
  },
  {
    "name": "Ina Prefecture",
    "qid": "Q11380900"
  },
  {
    "name": "Inba Prefecture",
    "qid": "Q11409098"
  },
  {
    "name": "Indiana",
    "qid": "Q1415"
  },
  {
    "name": "Ingushetia",
    "qid": "Q5219"
  },
  {
    "name": "Inner Mongolia",
    "qid": "Q41079"
  },
  {
    "name": "Inukami Prefecture",
    "qid": "Q11571157"
  },
  {
    "name": "Iowa",
    "qid": "Q1546"
  },
  {
    "name": "Irian Jaya Tengah",
    "qid": "Q136855811"
  },
  {
    "name": "Irkutsk Oblast",
    "qid": "Q6585"
  },
  {
    "name": "Iruma Prefecture",
    "qid": "Q11389086"
  },
  {
    "name": "Isawa Prefecture",
    "qid": "Q11611687"
  },
  {
    "name": "Isawa Prefecture",
    "qid": "Q11585334"
  },
  {
    "name": "Ishikawa Prefecture",
    "qid": "Q131281"
  },
  {
    "name": "Ishinomaki Prefecture",
    "qid": "Q11586489"
  },
  {
    "name": "Ishizuchi Prefecture",
    "qid": "Q10440951"
  },
  {
    "name": "Ivano-Frankivsk Oblast",
    "qid": "Q178269"
  },
  {
    "name": "Ivanovo Oblast",
    "qid": "Q2654"
  },
  {
    "name": "Iwahana Prefecture",
    "qid": "Q11475714"
  },
  {
    "name": "Iwai Prefecture",
    "qid": "Q11587852"
  },
  {
    "name": "Iwasaki Prefecture",
    "qid": "Q11587859"
  },
  {
    "name": "Iwate Prefecture",
    "qid": "Q48326"
  },
  {
    "name": "Jakarta",
    "qid": "Q3630"
  },
  {
    "name": "Jalisco",
    "qid": "Q13160"
  },
  {
    "name": "Jambi",
    "qid": "Q2051"
  },
  {
    "name": "Jammu and Kashmir",
    "qid": "Q1180"
  },
  {
    "name": "Jammu and Kashmir",
    "qid": "Q66278313"
  },
  {
    "name": "Jewish Autonomous Oblast",
    "qid": "Q7730"
  },
  {
    "name": "Jharkhand",
    "qid": "Q1184"
  },
  {
    "name": "Jiangsu",
    "qid": "Q16963"
  },
  {
    "name": "Jiangxi",
    "qid": "Q57052"
  },
  {
    "name": "Jilin",
    "qid": "Q45208"
  },
  {
    "name": "Jujuy Province",
    "qid": "Q44764"
  },
  {
    "name": "Kabardino-Balkaria",
    "qid": "Q5267"
  },
  {
    "name": "Kagawa Prefecture",
    "qid": "Q161454"
  },
  {
    "name": "Kagoshima Prefecture",
    "qid": "Q15701"
  },
  {
    "name": "Kakuda Prefecture",
    "qid": "Q11630811"
  },
  {
    "name": "Kalimantan",
    "qid": "Q19745966"
  },
  {
    "name": "Kaliningrad Oblast",
    "qid": "Q1749"
  },
  {
    "name": "Kalmykia",
    "qid": "Q3953"
  },
  {
    "name": "Kaluga Oblast",
    "qid": "Q2842"
  },
  {
    "name": "Kamchatka Krai",
    "qid": "Q7948"
  },
  {
    "name": "Kamiyama Prefecture",
    "qid": "Q10877643"
  },
  {
    "name": "Kanagawa Prefecture",
    "qid": "Q127513"
  },
  {
    "name": "Kansas",
    "qid": "Q1558"
  },
  {
    "name": "Karachay-Cherkessia",
    "qid": "Q5328"
  },
  {
    "name": "Karafuto Prefecture",
    "qid": "Q696736"
  },
  {
    "name": "Karelia",
    "qid": "Q1914"
  },
  {
    "name": "Karnataka",
    "qid": "Q1185"
  },
  {
    "name": "Kasamatsu Prefecture",
    "qid": "Q11599927"
  },
  {
    "name": "Kashiwazaki Prefecture",
    "qid": "Q11533748"
  },
  {
    "name": "Katsushika Prefecture",
    "qid": "Q11621085"
  },
  {
    "name": "Kawachi Prefecture",
    "qid": "Q11553440"
  },
  {
    "name": "Kemerovo Oblast",
    "qid": "Q6076"
  },
  {
    "name": "Kentucky",
    "qid": "Q1603"
  },
  {
    "name": "Kerala",
    "qid": "Q1186"
  },
  {
    "name": "Khabarovsk Krai",
    "qid": "Q7788"
  },
  {
    "name": "Khakassia",
    "qid": "Q6543"
  },
  {
    "name": "Khanty-Mansi Autonomous Okrug",
    "qid": "Q6320"
  },
  {
    "name": "Kharkiv Oblast",
    "qid": "Q170666"
  },
  {
    "name": "Kherson Oblast",
    "qid": "Q114331288"
  },
  {
    "name": "Kherson Oblast",
    "qid": "Q163271"
  },
  {
    "name": "Khmelnytskyi Oblast",
    "qid": "Q171331"
  },
  {
    "name": "Kirov Oblast",
    "qid": "Q5387"
  },
  {
    "name": "Kirovohrad Oblast",
    "qid": "Q180981"
  },
  {
    "name": "Kisarazu Prefecture",
    "qid": "Q11518523"
  },
  {
    "name": "Kokura Prefecture",
    "qid": "Q5765997"
  },
  {
    "name": "Komi Republic",
    "qid": "Q2073"
  },
  {
    "name": "Kostroma Oblast",
    "qid": "Q2596"
  },
  {
    "name": "Kosuge Prefecture",
    "qid": "Q11463534"
  },
  {
    "name": "Krasnodar Krai",
    "qid": "Q3680"
  },
  {
    "name": "Krasnoyarsk Krai",
    "qid": "Q6563"
  },
  {
    "name": "Kumagaya Prefecture",
    "qid": "Q11568818"
  },
  {
    "name": "Kumamoto Prefecture",
    "qid": "Q130308"
  },
  {
    "name": "Kumihama Prefecture",
    "qid": "Q11369658"
  },
  {
    "name": "Kurashiki Prefecture",
    "qid": "Q10888158"
  },
  {
    "name": "Kurgan Oblast",
    "qid": "Q5741"
  },
  {
    "name": "Kursk Oblast",
    "qid": "Q3178"
  },
  {
    "name": "KwaZulu-Natal",
    "qid": "Q81725"
  },
  {
    "name": "Kyiv Oblast",
    "qid": "Q170036"
  },
  {
    "name": "Kyoto Prefecture",
    "qid": "Q120730"
  },
  {
    "name": "Kōchi Prefecture",
    "qid": "Q134093"
  },
  {
    "name": "La Pampa",
    "qid": "Q44795"
  },
  {
    "name": "La Rioja Province",
    "qid": "Q44796"
  },
  {
    "name": "Ladakh",
    "qid": "Q200667"
  },
  {
    "name": "Lakshadweep",
    "qid": "Q26927"
  },
  {
    "name": "Lampung",
    "qid": "Q2110"
  },
  {
    "name": "Leningrad Oblast",
    "qid": "Q2191"
  },
  {
    "name": "Liaoning",
    "qid": "Q43934"
  },
  {
    "name": "Limpopo",
    "qid": "Q134907"
  },
  {
    "name": "Lipetsk Oblast",
    "qid": "Q3510"
  },
  {
    "name": "Louisiana",
    "qid": "Q1588"
  },
  {
    "name": "Luhansk Oblast",
    "qid": "Q171965"
  },
  {
    "name": "Luhansk People's Republic",
    "qid": "Q16746854"
  },
  {
    "name": "Lviv Oblast",
    "qid": "Q164193"
  },
  {
    "name": "Madhya Bharat",
    "qid": "Q1308627"
  },
  {
    "name": "Madhya Pradesh",
    "qid": "Q1188"
  },
  {
    "name": "Madras State",
    "qid": "Q2618458"
  },
  {
    "name": "Magadan Oblast",
    "qid": "Q7971"
  },
  {
    "name": "Maharashtra",
    "qid": "Q1191"
  },
  {
    "name": "Maine",
    "qid": "Q724"
  },
  {
    "name": "Maluku",
    "qid": "Q5093"
  },
  {
    "name": "Manipur",
    "qid": "Q1193"
  },
  {
    "name": "Manitoba",
    "qid": "Q1948"
  },
  {
    "name": "Maranhão",
    "qid": "Q42362"
  },
  {
    "name": "Mari El",
    "qid": "Q5446"
  },
  {
    "name": "Maryland",
    "qid": "Q1391"
  },
  {
    "name": "Massachusetts",
    "qid": "Q771"
  },
  {
    "name": "Mato Grosso",
    "qid": "Q42824"
  },
  {
    "name": "Mato Grosso do Sul",
    "qid": "Q43319"
  },
  {
    "name": "Meghalaya",
    "qid": "Q1195"
  },
  {
    "name": "Mendoza Province",
    "qid": "Q44797"
  },
  {
    "name": "Michigan",
    "qid": "Q1166"
  },
  {
    "name": "Michoacán",
    "qid": "Q79861"
  },
  {
    "name": "Mie Prefecture",
    "qid": "Q128196"
  },
  {
    "name": "Mikawa Prefecture",
    "qid": "Q11356237"
  },
  {
    "name": "Mimitsu Prefecture",
    "qid": "Q11608658"
  },
  {
    "name": "Minas Gerais",
    "qid": "Q39109"
  },
  {
    "name": "Minnesota",
    "qid": "Q1527"
  },
  {
    "name": "Misiones Province",
    "qid": "Q44798"
  },
  {
    "name": "Mississippi",
    "qid": "Q1494"
  },
  {
    "name": "Missouri",
    "qid": "Q1581"
  },
  {
    "name": "Miyagi Prefecture",
    "qid": "Q47896"
  },
  {
    "name": "Miyakonojō Prefecture",
    "qid": "Q11643549"
  },
  {
    "name": "Miyazaki Prefecture",
    "qid": "Q130300"
  },
  {
    "name": "Miyazaku Prefecture",
    "qid": "Q11455281"
  },
  {
    "name": "Mizoram",
    "qid": "Q1502"
  },
  {
    "name": "Mizuma Prefecture",
    "qid": "Q11356619"
  },
  {
    "name": "Montana",
    "qid": "Q1212"
  },
  {
    "name": "Mordovia",
    "qid": "Q5340"
  },
  {
    "name": "Morelos",
    "qid": "Q66117"
  },
  {
    "name": "Moscow",
    "qid": "Q649"
  },
  {
    "name": "Moscow Oblast",
    "qid": "Q1697"
  },
  {
    "name": "Mpumalanga",
    "qid": "Q132410"
  },
  {
    "name": "Murmansk Oblast",
    "qid": "Q1759"
  },
  {
    "name": "Mykolaiv Oblast",
    "qid": "Q181633"
  },
  {
    "name": "Mysore State",
    "qid": "Q3374892"
  },
  {
    "name": "Myōdō Prefecture",
    "qid": "Q9610752"
  },
  {
    "name": "Nagaland",
    "qid": "Q1599"
  },
  {
    "name": "Nagano Prefecture",
    "qid": "Q127877"
  },
  {
    "name": "Nagasaki Prefecture",
    "qid": "Q169376"
  },
  {
    "name": "Nagoya Prefecture",
    "qid": "Q11415214"
  },
  {
    "name": "Nanao Prefecture",
    "qid": "Q11353500"
  },
  {
    "name": "Nara Prefecture",
    "qid": "Q131287"
  },
  {
    "name": "Natal Province",
    "qid": "Q917867"
  },
  {
    "name": "National Capital Territory of Delhi",
    "qid": "Q9357528"
  },
  {
    "name": "Nayarit",
    "qid": "Q79920"
  },
  {
    "name": "Nebraska",
    "qid": "Q1553"
  },
  {
    "name": "Nemuro Prefecture",
    "qid": "Q24841613"
  },
  {
    "name": "Nenets Autonomous Okrug",
    "qid": "Q2164"
  },
  {
    "name": "Neuquén Province",
    "qid": "Q44800"
  },
  {
    "name": "Nevada",
    "qid": "Q1227"
  },
  {
    "name": "New Brunswick",
    "qid": "Q1965"
  },
  {
    "name": "New Hampshire",
    "qid": "Q759"
  },
  {
    "name": "New Jersey",
    "qid": "Q1408"
  },
  {
    "name": "New Mexico",
    "qid": "Q1522"
  },
  {
    "name": "New South Wales",
    "qid": "Q3224"
  },
  {
    "name": "New York",
    "qid": "Q1384"
  },
  {
    "name": "Newfoundland and Labrador",
    "qid": "Q2003"
  },
  {
    "name": "Niigata Prefecture",
    "qid": "Q132705"
  },
  {
    "name": "Niihari Prefecture",
    "qid": "Q11502680"
  },
  {
    "name": "Niikawa Prefecture",
    "qid": "Q11502104"
  },
  {
    "name": "Nikkō Prefecture",
    "qid": "Q11504893"
  },
  {
    "name": "Ningxia",
    "qid": "Q57448"
  },
  {
    "name": "Nirayama Prefecture",
    "qid": "Q11664103"
  },
  {
    "name": "Nizhny Novgorod Oblast",
    "qid": "Q2246"
  },
  {
    "name": "North Carolina",
    "qid": "Q1454"
  },
  {
    "name": "North Dakota",
    "qid": "Q1207"
  },
  {
    "name": "North Kalimantan",
    "qid": "Q3903"
  },
  {
    "name": "North Maluku",
    "qid": "Q5094"
  },
  {
    "name": "North Ossetia–Alania",
    "qid": "Q5237"
  },
  {
    "name": "North Sulawesi",
    "qid": "Q5068"
  },
  {
    "name": "North Sumatra",
    "qid": "Q2140"
  },
  {
    "name": "North West",
    "qid": "Q165956"
  },
  {
    "name": "Northern Cape",
    "qid": "Q132418"
  },
  {
    "name": "Northwest Territories",
    "qid": "Q2007"
  },
  {
    "name": "Nova Scotia",
    "qid": "Q1952"
  },
  {
    "name": "Novgorod Oblast",
    "qid": "Q2240"
  },
  {
    "name": "Novosibirsk Oblast",
    "qid": "Q5851"
  },
  {
    "name": "Nuevo León",
    "qid": "Q15282"
  },
  {
    "name": "Nuevo León-Coahuila",
    "qid": "Q2628583"
  },
  {
    "name": "Nukata Prefecture",
    "qid": "Q3070843"
  },
  {
    "name": "Nunavut",
    "qid": "Q2023"
  },
  {
    "name": "Oaxaca",
    "qid": "Q34110"
  },
  {
    "name": "Oda Prefecture",
    "qid": "Q11463166"
  },
  {
    "name": "Odesa Oblast",
    "qid": "Q171852"
  },
  {
    "name": "Odisha",
    "qid": "Q22048"
  },
  {
    "name": "Ohio",
    "qid": "Q1397"
  },
  {
    "name": "Oita Prefecture",
    "qid": "Q133924"
  },
  {
    "name": "Okayama Prefecture",
    "qid": "Q132936"
  },
  {
    "name": "Okinawa Prefecture",
    "qid": "Q766445"
  },
  {
    "name": "Okitama Prefecture",
    "qid": "Q11608541"
  },
  {
    "name": "Oklahoma",
    "qid": "Q1649"
  },
  {
    "name": "Omsk Oblast",
    "qid": "Q5835"
  },
  {
    "name": "Ontario",
    "qid": "Q1904"
  },
  {
    "name": "Orange Free State Province",
    "qid": "Q1971200"
  },
  {
    "name": "Oregon",
    "qid": "Q824"
  },
  {
    "name": "Orenburg Oblast",
    "qid": "Q5338"
  },
  {
    "name": "Oryol Oblast",
    "qid": "Q3129"
  },
  {
    "name": "Osaka Prefecture",
    "qid": "Q122723"
  },
  {
    "name": "Papua",
    "qid": "Q5095"
  },
  {
    "name": "Paraná",
    "qid": "Q15499"
  },
  {
    "name": "Paraíba",
    "qid": "Q38088"
  },
  {
    "name": "Pará",
    "qid": "Q39517"
  },
  {
    "name": "Patiala and East Punjab States Union",
    "qid": "Q669534"
  },
  {
    "name": "Pennsylvania",
    "qid": "Q1400"
  },
  {
    "name": "Penza Oblast",
    "qid": "Q5545"
  },
  {
    "name": "Pernambuco",
    "qid": "Q40942"
  },
  {
    "name": "Piauí",
    "qid": "Q42722"
  },
  {
    "name": "Poltava Oblast",
    "qid": "Q169501"
  },
  {
    "name": "Primorsky Krai",
    "qid": "Q4341"
  },
  {
    "name": "Prince Edward Island",
    "qid": "Q1978"
  },
  {
    "name": "Provincia Oriental",
    "qid": "Q2357000"
  },
  {
    "name": "Pskov Oblast",
    "qid": "Q2218"
  },
  {
    "name": "Puducherry",
    "qid": "Q66743"
  },
  {
    "name": "Puebla",
    "qid": "Q79923"
  },
  {
    "name": "Punjab",
    "qid": "Q22424"
  },
  {
    "name": "Qinghai",
    "qid": "Q45833"
  },
  {
    "name": "Quebec",
    "qid": "Q176"
  },
  {
    "name": "Queensland",
    "qid": "Q36074"
  },
  {
    "name": "Querétaro",
    "qid": "Q79754"
  },
  {
    "name": "Quintana Roo",
    "qid": "Q80245"
  },
  {
    "name": "Rajasthan",
    "qid": "Q1437"
  },
  {
    "name": "Republic of Crimea",
    "qid": "Q15966495"
  },
  {
    "name": "Rhode Island",
    "qid": "Q1387"
  },
  {
    "name": "Riau",
    "qid": "Q2175"
  },
  {
    "name": "Riau Islands",
    "qid": "Q2223"
  },
  {
    "name": "Rio Grande do Norte",
    "qid": "Q43255"
  },
  {
    "name": "Rio Grande do Sul",
    "qid": "Q40030"
  },
  {
    "name": "Rio de Janeiro",
    "qid": "Q41428"
  },
  {
    "name": "Rivne Oblast",
    "qid": "Q174187"
  },
  {
    "name": "Rondônia",
    "qid": "Q43235"
  },
  {
    "name": "Roraima",
    "qid": "Q42508"
  },
  {
    "name": "Rostov Oblast",
    "qid": "Q3573"
  },
  {
    "name": "Ryazan Oblast",
    "qid": "Q2753"
  },
  {
    "name": "Río Negro Province",
    "qid": "Q44802"
  },
  {
    "name": "Saga Prefecture",
    "qid": "Q160420"
  },
  {
    "name": "Saint Petersburg",
    "qid": "Q656"
  },
  {
    "name": "Saitama Prefecture",
    "qid": "Q128186"
  },
  {
    "name": "Sakai Prefecture",
    "qid": "Q11428319"
  },
  {
    "name": "Sakha",
    "qid": "Q6605"
  },
  {
    "name": "Sakhalin Oblast",
    "qid": "Q7797"
  },
  {
    "name": "Salta Province",
    "qid": "Q44803"
  },
  {
    "name": "Samara Oblast",
    "qid": "Q1727"
  },
  {
    "name": "San Juan Province",
    "qid": "Q44805"
  },
  {
    "name": "San Luis Potosí",
    "qid": "Q78980"
  },
  {
    "name": "San Luis Province",
    "qid": "Q44818"
  },
  {
    "name": "Sanda Prefecture",
    "qid": "Q130119204"
  },
  {
    "name": "Sannohe Prefecture",
    "qid": "Q11355447"
  },
  {
    "name": "Santa Catarina",
    "qid": "Q41115"
  },
  {
    "name": "Santa Cruz Province",
    "qid": "Q44821"
  },
  {
    "name": "Santa Fe Province",
    "qid": "Q44823"
  },
  {
    "name": "Santiago del Estero Province",
    "qid": "Q44827"
  },
  {
    "name": "Sapporo Prefecture",
    "qid": "Q24841611"
  },
  {
    "name": "Saratov Oblast",
    "qid": "Q5334"
  },
  {
    "name": "Saskatchewan",
    "qid": "Q1989"
  },
  {
    "name": "Saurashtra State",
    "qid": "Q2227696"
  },
  {
    "name": "Sendai Prefecture",
    "qid": "Q11378040"
  },
  {
    "name": "Sergipe",
    "qid": "Q43783"
  },
  {
    "name": "Sevastopol",
    "qid": "Q7525"
  },
  {
    "name": "Shaanxi",
    "qid": "Q47974"
  },
  {
    "name": "Shandong",
    "qid": "Q43407"
  },
  {
    "name": "Shanxi",
    "qid": "Q46913"
  },
  {
    "name": "Shiga Prefecture",
    "qid": "Q131358"
  },
  {
    "name": "Shikama Prefecture",
    "qid": "Q11666801"
  },
  {
    "name": "Shimane Prefecture",
    "qid": "Q132751"
  },
  {
    "name": "Shinagawa Prefecture",
    "qid": "Q11418417"
  },
  {
    "name": "Shirakawa Prefecture",
    "qid": "Q11579971"
  },
  {
    "name": "Shizuoka Prefecture",
    "qid": "Q131320"
  },
  {
    "name": "Sichuan",
    "qid": "Q19770"
  },
  {
    "name": "Sikkim",
    "qid": "Q1505"
  },
  {
    "name": "Sinaloa",
    "qid": "Q80252"
  },
  {
    "name": "Smolensk Oblast",
    "qid": "Q2347"
  },
  {
    "name": "Sonora",
    "qid": "Q46422"
  },
  {
    "name": "South Australia",
    "qid": "Q35715"
  },
  {
    "name": "South Carolina",
    "qid": "Q1456"
  },
  {
    "name": "South Dakota",
    "qid": "Q1211"
  },
  {
    "name": "South Kalimantan",
    "qid": "Q3906"
  },
  {
    "name": "South Papua",
    "qid": "Q61439296"
  },
  {
    "name": "South Sulawesi",
    "qid": "Q5078"
  },
  {
    "name": "South Sumatra",
    "qid": "Q2271"
  },
  {
    "name": "Southeast Sulawesi",
    "qid": "Q5075"
  },
  {
    "name": "Southwest Papua",
    "qid": "Q115253263"
  },
  {
    "name": "State of Mexico",
    "qid": "Q82112"
  },
  {
    "name": "Stavropol Krai",
    "qid": "Q5207"
  },
  {
    "name": "Suibara Prefecture",
    "qid": "Q11548346"
  },
  {
    "name": "Sulawesi",
    "qid": "Q136779490"
  },
  {
    "name": "Sumy Oblast",
    "qid": "Q170446"
  },
  {
    "name": "Sunda Kecil",
    "qid": "Q3503821"
  },
  {
    "name": "Sverdlovsk Oblast",
    "qid": "Q5462"
  },
  {
    "name": "São Paulo",
    "qid": "Q175"
  },
  {
    "name": "Tabasco",
    "qid": "Q80914"
  },
  {
    "name": "Taiwan",
    "qid": "Q57251"
  },
  {
    "name": "Takayama Prefecture",
    "qid": "Q11669411"
  },
  {
    "name": "Tamaulipas",
    "qid": "Q80007"
  },
  {
    "name": "Tambov Oblast",
    "qid": "Q3550"
  },
  {
    "name": "Tamil Nadu",
    "qid": "Q1445"
  },
  {
    "name": "Tasmania",
    "qid": "Q34366"
  },
  {
    "name": "Tatarstan",
    "qid": "Q5481"
  },
  {
    "name": "Telangana",
    "qid": "Q677037"
  },
  {
    "name": "Tennessee",
    "qid": "Q1509"
  },
  {
    "name": "Ternopil Oblast",
    "qid": "Q173407"
  },
  {
    "name": "Texas",
    "qid": "Q1439"
  },
  {
    "name": "Tibet Autonomous Region",
    "qid": "Q17269"
  },
  {
    "name": "Tierra del Fuego, Antarctica and South Atlantic Islands Province",
    "qid": "Q44832"
  },
  {
    "name": "Tlaxcala",
    "qid": "Q82681"
  },
  {
    "name": "Tochigi Prefecture",
    "qid": "Q44843"
  },
  {
    "name": "Tokushima Prefecture",
    "qid": "Q160734"
  },
  {
    "name": "Tokyo",
    "qid": "Q1490"
  },
  {
    "name": "Tokyo Prefecture",
    "qid": "Q1189121"
  },
  {
    "name": "Tome Prefecture",
    "qid": "Q11579165"
  },
  {
    "name": "Tomsk Oblast",
    "qid": "Q5884"
  },
  {
    "name": "Tottori Prefecture",
    "qid": "Q133935"
  },
  {
    "name": "Toyama Prefecture",
    "qid": "Q132929"
  },
  {
    "name": "Toyooka Prefecture",
    "qid": "Q11633475"
  },
  {
    "name": "Toyosaki Prefecture",
    "qid": "Q11633575"
  },
  {
    "name": "Transvaal Province",
    "qid": "Q190959"
  },
  {
    "name": "Travancore-Cochin",
    "qid": "Q1538311"
  },
  {
    "name": "Tripura",
    "qid": "Q1363"
  },
  {
    "name": "Tsuruga Prefecture",
    "qid": "Q11499551"
  },
  {
    "name": "Tsuruoka Prefecture",
    "qid": "Q11675967"
  },
  {
    "name": "Tucumán Province",
    "qid": "Q44829"
  },
  {
    "name": "Tula Oblast",
    "qid": "Q2792"
  },
  {
    "name": "Tuva",
    "qid": "Q960"
  },
  {
    "name": "Tver Oblast",
    "qid": "Q2292"
  },
  {
    "name": "Tyumen Oblast",
    "qid": "Q5824"
  },
  {
    "name": "Udmurtia",
    "qid": "Q5422"
  },
  {
    "name": "Ulyanovsk Oblast",
    "qid": "Q5634"
  },
  {
    "name": "Undivided Assam",
    "qid": "Q7884006"
  },
  {
    "name": "Urawa Prefecture",
    "qid": "Q11558170"
  },
  {
    "name": "Utah",
    "qid": "Q829"
  },
  {
    "name": "Utsunomiya Prefecture",
    "qid": "Q11449795"
  },
  {
    "name": "Uttar Pradesh",
    "qid": "Q1498"
  },
  {
    "name": "Uttarakhand",
    "qid": "Q1499"
  },
  {
    "name": "Veracruz",
    "qid": "Q60130"
  },
  {
    "name": "Vermont",
    "qid": "Q16551"
  },
  {
    "name": "Victoria",
    "qid": "Q36687"
  },
  {
    "name": "Vindhya Pradesh",
    "qid": "Q970343"
  },
  {
    "name": "Vinnytsia Oblast",
    "qid": "Q166709"
  },
  {
    "name": "Virginia",
    "qid": "Q1370"
  },
  {
    "name": "Vladimir Oblast",
    "qid": "Q2702"
  },
  {
    "name": "Volgograd Oblast",
    "qid": "Q3819"
  },
  {
    "name": "Vologda Oblast",
    "qid": "Q2015"
  },
  {
    "name": "Volyn Oblast",
    "qid": "Q167859"
  },
  {
    "name": "Voronezh Oblast",
    "qid": "Q3447"
  },
  {
    "name": "Wakamatsu Prefecture",
    "qid": "Q11616428"
  },
  {
    "name": "Wakayama Prefecture",
    "qid": "Q131314"
  },
  {
    "name": "Washington",
    "qid": "Q1223"
  },
  {
    "name": "Watarai Prefecture",
    "qid": "Q11486130"
  },
  {
    "name": "West Bengal",
    "qid": "Q1356"
  },
  {
    "name": "West Java",
    "qid": "Q3724"
  },
  {
    "name": "West Kalimantan",
    "qid": "Q3916"
  },
  {
    "name": "West Nusa Tenggara",
    "qid": "Q5062"
  },
  {
    "name": "West Papua",
    "qid": "Q5096"
  },
  {
    "name": "West Sulawesi",
    "qid": "Q5082"
  },
  {
    "name": "West Sumatra",
    "qid": "Q2772"
  },
  {
    "name": "West Virginia",
    "qid": "Q1371"
  },
  {
    "name": "Western Australia",
    "qid": "Q3206"
  },
  {
    "name": "Western Cape",
    "qid": "Q127167"
  },
  {
    "name": "Wisconsin",
    "qid": "Q1537"
  },
  {
    "name": "Wyoming",
    "qid": "Q1214"
  },
  {
    "name": "Xinjiang",
    "qid": "Q34800"
  },
  {
    "name": "Yamagata Prefecture",
    "qid": "Q125863"
  },
  {
    "name": "Yamaguchi Prefecture",
    "qid": "Q127264"
  },
  {
    "name": "Yamalo-Nenets Autonomous Okrug",
    "qid": "Q6407"
  },
  {
    "name": "Yamanashi Prefecture",
    "qid": "Q132720"
  },
  {
    "name": "Yaroslavl Oblast",
    "qid": "Q2448"
  },
  {
    "name": "Yatsushiro Prefecture",
    "qid": "Q11390556"
  },
  {
    "name": "Yogyakarta",
    "qid": "Q3741"
  },
  {
    "name": "Yucatán",
    "qid": "Q60176"
  },
  {
    "name": "Yukon",
    "qid": "Q2009"
  },
  {
    "name": "Yunnan",
    "qid": "Q43194"
  },
  {
    "name": "Zabaykalsky Krai",
    "qid": "Q6838"
  },
  {
    "name": "Zacatecas",
    "qid": "Q80269"
  },
  {
    "name": "Zakarpattia Oblast",
    "qid": "Q170213"
  },
  {
    "name": "Zaporizhzhia Oblast",
    "qid": "Q171334"
  },
  {
    "name": "Zaporozhye Oblast",
    "qid": "Q114333615"
  },
  {
    "name": "Zhejiang",
    "qid": "Q16967"
  },
  {
    "name": "Zhytomyr Oblast",
    "qid": "Q40637"
  },
  {
    "name": "Ōtsu Prefecture",
    "qid": "Q11437356"
  }
]